{
    "training": {
        "start": 1720012084.0821784,
        "epoch_0": 8.840001344680786,
        "epoch_1": 8.896925687789917,
        "epoch_2": 9.311338424682617,
        "epoch_3": 8.81925630569458,
        "epoch_4": 9.021836996078491,
        "finish": 1720012128.9756005,
        "duration": 44.89342212677002
    },
    "inference": {
        "start": 1720012128.9772763,
        "finish": 1720012129.4741752,
        "duration": 0.496898889541626
    }
}