{
    "training": {
        "start": 1720011198.1308713,
        "epoch_0": 18.765892505645752,
        "epoch_1": 18.196824312210083,
        "epoch_2": 18.215306520462036,
        "epoch_3": 18.560735940933228,
        "epoch_4": 18.284912109375,
        "finish": 1720011290.1584136,
        "duration": 92.02754235267639
    },
    "inference": {
        "start": 1720011290.1600833,
        "finish": 1720011290.6852353,
        "duration": 0.5251519680023193
    }
}