{
    "training": {
        "start": 1720012004.2131958,
        "epoch_0": 9.019367456436157,
        "epoch_1": 8.901335716247559,
        "epoch_2": 9.106055736541748,
        "epoch_3": 9.04496455192566,
        "epoch_4": 8.954126358032227,
        "finish": 1720012049.2434266,
        "duration": 45.03023076057434
    },
    "inference": {
        "start": 1720012049.244992,
        "finish": 1720012049.7304063,
        "duration": 0.4854142665863037
    }
}