{
    "training": {
        "start": 1720011871.651021,
        "epoch_0": 8.746054649353027,
        "epoch_1": 8.791508674621582,
        "epoch_2": 8.830471277236938,
        "epoch_3": 8.762629747390747,
        "epoch_4": 9.619696378707886,
        "finish": 1720011916.405385,
        "duration": 44.754364013671875
    },
    "inference": {
        "start": 1720011916.4069788,
        "finish": 1720011916.8798156,
        "duration": 0.4728367328643799
    }
}