{
    "training": {
        "start": 1720011795.2390976,
        "epoch_0": 9.370402336120605,
        "epoch_1": 9.225306272506714,
        "epoch_2": 8.707926511764526,
        "epoch_3": 9.689448118209839,
        "epoch_4": 9.44420337677002,
        "finish": 1720011841.681594,
        "duration": 46.44249629974365
    },
    "inference": {
        "start": 1720011841.6831691,
        "finish": 1720011842.2079313,
        "duration": 0.5247621536254883
    }
}