{
    "training": {
        "start": 1720012274.6834662,
        "epoch_0": 12.215739250183105,
        "epoch_1": 12.134348154067993,
        "epoch_2": 11.623712301254272,
        "epoch_3": 11.68070387840271,
        "epoch_4": 12.250608205795288,
        "finish": 1720012334.771811,
        "duration": 60.08834481239319
    },
    "inference": {
        "start": 1720012334.7865674,
        "finish": 1720012338.2928355,
        "duration": 3.50626802444458
    }
}