{
    "training": {
        "start": 1720010805.2338858,
        "epoch_0": 19.817697525024414,
        "epoch_1": 18.094743728637695,
        "epoch_2": 16.41286277770996,
        "epoch_3": 16.064789533615112,
        "epoch_4": 16.362967491149902,
        "finish": 1720010895.2055144,
        "duration": 89.97162866592407
    },
    "inference": {
        "start": 1720010895.207278,
        "finish": 1720010895.9871109,
        "duration": 0.7798328399658203
    }
}