{
    "training": {
        "start": 1720011729.21719,
        "epoch_0": 9.873407125473022,
        "epoch_1": 9.545793294906616,
        "epoch_2": 9.172522068023682,
        "epoch_3": 9.69479513168335,
        "epoch_4": 10.185540199279785,
        "finish": 1720011777.6932437,
        "duration": 48.4760537147522
    },
    "inference": {
        "start": 1720011777.6948924,
        "finish": 1720011778.2884,
        "duration": 0.5935075283050537
    }
}