{
    "training": {
        "start": 1720011941.3610053,
        "epoch_0": 9.109756708145142,
        "epoch_1": 8.957554817199707,
        "epoch_2": 8.877742767333984,
        "epoch_3": 9.266632080078125,
        "epoch_4": 8.951849699020386,
        "finish": 1720011986.5288181,
        "duration": 45.16781282424927
    },
    "inference": {
        "start": 1720011986.5305326,
        "finish": 1720011986.998014,
        "duration": 0.4674813747406006
    }
}