{
    "training": {
        "start": 1720010704.5452073,
        "epoch_0": 31.13908290863037,
        "epoch_1": 4.2342140674591064,
        "epoch_2": 4.512169599533081,
        "epoch_3": 4.408542156219482,
        "epoch_4": 4.400789260864258,
        "finish": 1720010753.2663488,
        "duration": 48.72114157676697
    },
    "inference": {
        "start": 1720010753.268929,
        "finish": 1720010767.9387302,
        "duration": 14.669801235198975
    }
}