{
    "training": {
        "start": 1720011431.8197389,
        "epoch_0": 11.198313236236572,
        "epoch_1": 11.168070077896118,
        "epoch_2": 11.397964477539062,
        "epoch_3": 11.319408655166626,
        "epoch_4": 11.32439398765564,
        "finish": 1720011488.2360008,
        "duration": 56.41626191139221
    },
    "inference": {
        "start": 1720011488.2375839,
        "finish": 1720011488.991271,
        "duration": 0.7536871433258057
    }
}