{
    "training": {
        "start": 1720011104.1324344,
        "epoch_0": 13.872300863265991,
        "epoch_1": 13.573664903640747,
        "epoch_2": 13.331347703933716,
        "epoch_3": 13.333492517471313,
        "epoch_4": 12.536181211471558,
        "finish": 1720011173.9915688,
        "duration": 69.85913443565369
    },
    "inference": {
        "start": 1720011173.9933188,
        "finish": 1720011174.7662866,
        "duration": 0.7729678153991699
    }
}