{
    "training": {
        "start": 1721130360.8654149,
        "epoch_0": 710.5981945991516,
        "epoch_1": 679.8514738082886,
        "epoch_2": 678.1860365867615,
        "epoch_3": 677.7639992237091,
        "epoch_4": 682.8057119846344,
        "epoch_5": 673.851448059082,
        "epoch_6": 672.2469339370728,
        "epoch_7": 671.1720175743103,
        "epoch_8": 668.3778693675995,
        "epoch_9": 670.7647039890289,
        "finish": 1721137146.5192997,
        "duration": 6785.653884887695
    },
    "inference": {
        "start": 1721137146.519301,
        "finish": 1721137164.700258,
        "duration": 18.180957078933716
    }
}
