{   
    "training": {
        "start": 1720604857.7043724,
        "epoch_0": 831.4770796298981,
        "epoch_1": 813.8442931175232,
        "epoch_2": 814.0118761062622,
        "epoch_3": 811.0877485275269,
        "epoch_4": 805.08052277565,
        "epoch_5": 808.850536108017,
        "epoch_6": 812.7621939182281,
        "epoch_7": 811.205423116684,
        "epoch_8": 816.523679971695,
        "epoch_9": 815.2508833408356,
        "finish": 1720612997.7997637,
        "duration": 8140.0953912734985
    },
    "inference": {
        "start": 1720612997.7997646,
        "finish": 1720613017.704556,
        "duration": 19.904791355133057
    }
}
