{
    "training": {
        "start": 1721130344.8534303,
        "epoch_0": 60.92195105552673,
        "epoch_1": 60.115994453430176,
        "epoch_2": 61.86545205116272,
        "epoch_3": 60.857914447784424,
        "epoch_4": 63.073814392089844,
        "epoch_5": 61.264259576797485,
        "epoch_6": 60.48578190803528,
        "epoch_7": 61.86128044128418,
        "epoch_8": 64.23295831680298,
        "epoch_9": 59.05042290687561,
        "finish": 1721130958.75014,
        "duration": 613.8967096805573
    },
    "inference": {
        "start": 1721130958.7501407,
        "finish": 1721130963.658923,
        "duration": 4.908782243728638
    }
}