{
    "training": {
        "start": 1720702443.0562062,
        "epoch_0": 63.37389397621155,
        "epoch_1": 58.171480894088745,
        "epoch_2": 59.358736753463745,
        "epoch_3": 59.16801190376282,
        "epoch_4": 59.79519248008728,
        "epoch_5": 59.64652729034424,
        "epoch_6": 60.04144906997681,
        "epoch_7": 60.046380043029785,
        "epoch_8": 58.151609897613525,
        "epoch_9": 59.42890381813049,
        "finish": 1720703040.7594085,
        "duration": 597.7032022476196
    },
    "inference": {
        "start": 1720703040.759409,
        "finish": 1720703045.557433,
        "duration": 4.79802393913269
    }
}