{
    "training": {
        "start": 1721209668.2291267,
        "epoch_0": 57.911497354507446,
        "epoch_1": 57.505711793899536,
        "epoch_2": 58.83588004112244,
        "epoch_3": 60.24300789833069,
        "epoch_4": 59.2610239982605,
        "epoch_5": 53.753074645996094,
        "epoch_6": 53.72784972190857,
        "epoch_7": 53.40300679206848,
        "epoch_8": 53.11411261558533,
        "epoch_9": 53.48254752159119,
        "finish": 1721210232.6566076,
        "duration": 564.4274809360504
    },
    "inference": {
        "start": 1721210232.6566088,
        "finish": 1721210240.4770596,
        "duration": 7.820450782775879
    }
}