{
    "training": {
        "start": 1720694771.737354,
        "epoch_0": 58.61561608314514,
        "epoch_1": 57.169100522994995,
        "epoch_2": 56.761462688446045,
        "epoch_3": 56.66984176635742,
        "epoch_4": 57.02064609527588,
        "epoch_5": 56.87414884567261,
        "epoch_6": 57.058340072631836,
        "epoch_7": 57.28431487083435,
        "epoch_8": 57.4680962562561,
        "epoch_9": 57.597408056259155,
        "finish": 1720695347.4423656,
        "duration": 575.7050116062164
    },
    "inference": {
        "start": 1720695347.4423661,
        "finish": 1720695354.1475298,
        "duration": 6.7051637172698975
    }
}