{
    "training": {
        "start": 1720604643.62952,
        "epoch_0": 189.91269278526306,
        "epoch_1": 194.48678874969482,
        "epoch_2": 194.22737550735474,
        "epoch_3": 194.76857256889343,
        "epoch_4": 200.55748081207275,
        "epoch_5": 194.90575885772705,
        "epoch_6": 195.15153050422668,
        "epoch_7": 194.24962162971497,
        "epoch_8": 194.68778347969055,
        "epoch_9": 194.68779611587524,
        "finish": 1720606591.6148627,
        "duration": 1947.9853427410126
    },
    "inference": {
        "start": 1720606591.6148634,
        "finish": 1720606607.1425822,
        "duration": 15.527718782424927
    }
}
